<?xml version="1.0" encoding="UTF-8"?>
<project-private xmlns="http://www.netbeans.org/ns/project-private/1">
    <editor-bookmarks xmlns="http://www.netbeans.org/ns/editor-bookmarks/2" lastBookmarkId="0"/>
    <open-files xmlns="http://www.netbeans.org/ns/projectui-open-files/2">
        <group>
            <file>file:/F:/Matérias%20-%20GTI/1°Semestre/POO%20-%20Programação%20Orientada%20a%20Objetos/Herança%20-%20Java/Heranca-Exercicios/ExercicioHeranca3/src/exercicioheranca3/FimeComedia.java</file>
            <file>file:/F:/Matérias%20-%20GTI/1°Semestre/POO%20-%20Programação%20Orientada%20a%20Objetos/Herança%20-%20Java/Heranca-Exercicios/ExercicioHeranca3/src/exercicioheranca3/Musicais.java</file>
            <file>file:/F:/Matérias%20-%20GTI/1°Semestre/POO%20-%20Programação%20Orientada%20a%20Objetos/Herança%20-%20Java/Heranca-Exercicios/ExercicioHeranca3/src/exercicioheranca3/Escritas.java</file>
            <file>file:/F:/Matérias%20-%20GTI/1°Semestre/POO%20-%20Programação%20Orientada%20a%20Objetos/Herança%20-%20Java/Heranca-Exercicios/ExercicioHeranca3/src/exercicioheranca3/LivroRomance.java</file>
            <file>file:/F:/Matérias%20-%20GTI/1°Semestre/POO%20-%20Programação%20Orientada%20a%20Objetos/Herança%20-%20Java/Heranca-Exercicios/ExercicioHeranca3/src/exercicioheranca3/Filmes.java</file>
            <file>file:/F:/Matérias%20-%20GTI/1°Semestre/POO%20-%20Programação%20Orientada%20a%20Objetos/Herança%20-%20Java/Heranca-Exercicios/ExercicioHeranca3/src/exercicioheranca3/FilmeFiccao.java</file>
            <file>file:/F:/Matérias%20-%20GTI/1°Semestre/POO%20-%20Programação%20Orientada%20a%20Objetos/Herança%20-%20Java/Heranca-Exercicios/ExercicioHeranca3/src/exercicioheranca3/Mpb.java</file>
            <file>file:/F:/Matérias%20-%20GTI/1°Semestre/POO%20-%20Programação%20Orientada%20a%20Objetos/Herança%20-%20Java/Heranca-Exercicios/ExercicioHeranca3/src/exercicioheranca3/LivroAutoAjuda.java</file>
            <file>file:/F:/Matérias%20-%20GTI/1°Semestre/POO%20-%20Programação%20Orientada%20a%20Objetos/Herança%20-%20Java/Heranca-Exercicios/ExercicioHeranca3/src/exercicioheranca3/Principal.java</file>
            <file>file:/F:/Matérias%20-%20GTI/1°Semestre/POO%20-%20Programação%20Orientada%20a%20Objetos/Herança%20-%20Java/Heranca-Exercicios/ExercicioHeranca3/src/exercicioheranca3/Rock.java</file>
        </group>
    </open-files>
</project-private>
