<?xml version="1.0" encoding="UTF-8"?>
<project-private xmlns="http://www.netbeans.org/ns/project-private/1">
    <editor-bookmarks xmlns="http://www.netbeans.org/ns/editor-bookmarks/2" lastBookmarkId="0"/>
    <open-files xmlns="http://www.netbeans.org/ns/projectui-open-files/2">
        <group>
            <file>file:/C:/Users/clsma/OneDrive/Documentos/NetBeansProjects/Revisao2/src/revisao2/InterfaceUniversidade.java</file>
            <file>file:/C:/Users/clsma/OneDrive/Documentos/NetBeansProjects/Revisao2/src/revisao2/Principal.java</file>
            <file>file:/C:/Users/clsma/OneDrive/Documentos/NetBeansProjects/Revisao2/src/revisao2/ProfessorMestrado.java</file>
            <file>file:/C:/Users/clsma/OneDrive/Documentos/NetBeansProjects/Revisao2/src/revisao2/ProfessorGraduacao.java</file>
        </group>
    </open-files>
</project-private>
